{
    "background": {
        "r": 255,
        "g": 255,
        "b": 255
    },
    "level-search-bg": {
        "r": 0,
        "g": 0,
        "b": 0,
        "a": 127
    },
    "level-search-bar-bg": {
        "r": 0,
        "g": 0,
        "b": 0,
        "a": 127
    },
    "quick-search-bg": {
        "r": 0,
        "g": 0,
        "b": 0,
        "a": 127
    },
    "difficulty-filters-bg": {
        "r": 0,
        "g": 0,
        "b": 0,
        "a": 127
    },
    "length-filters-bg": {
        "r": 0,
        "g": 0,
        "b": 0,
        "a": 127
    },
    "edit-description-bg": {
        "r": 0,
        "g": 0,
        "b": 0,
        "a": 127
    },
    "edit-name-bg": {
        "r": 0,
        "g": 0,
        "b": 0,
        "a": 127
    }
}